filename,true_category,qwen_pred,qwen_correct,clip_pred_category,clip_top1_correct,clip_top3_correct,clip_top1_score
data/images/gate/gate_b12_v1.png,gate,gate,True,gate,True,True,0.33701440691947937
data/images/gate/gate_b12_v2_angle.png,gate,gate,True,gate,True,True,0.3206183612346649
data/images/gate/gate_b12_v3_dark.png,gate,gate,True,gate,True,True,0.2915123403072357
data/images/gate/gate_b12_v4_blur.png,gate,gate,True,gate,True,True,0.3354913294315338
data/images/gate/gate_a05_v1.png,gate,gate,True,gate,True,True,0.2913965880870819
data/images/gate/gate_a05_v2_angle.png,gate,gate,True,gate,True,True,0.2618812024593353
data/images/gate/gate_a05_v3_dark.png,gate,gate,True,gate,True,True,0.270444393157959
data/images/gate/gate_a05_v4_blur.png,gate,gate,True,gate,True,True,0.28622934222221375
data/images/gate/gate_c22_v1.png,gate,gate,True,gate,True,True,0.32238641381263733
data/images/gate/gate_c22_v2_angle.png,gate,gate,True,gate,True,True,0.28009819984436035
data/images/gate/gate_c22_v3_dark.png,gate,gate,True,gate,True,True,0.2768417000770569
data/images/gate/gate_c22_v4_blur.png,gate,gate,True,gate,True,True,0.3078276216983795
data/images/check_in/checkin_t1_intl_v1.png,check_in,check_in,True,gate,False,False,0.25093942880630493
data/images/check_in/checkin_t1_intl_v2_angle.png,check_in,check_in,True,gate,False,False,0.2704596221446991
data/images/check_in/checkin_t1_intl_v3_dark.png,check_in,check_in,True,currency_exchange,False,True,0.2220984250307083
data/images/check_in/checkin_t1_intl_v4_blur.png,check_in,check_in,True,gate,False,False,0.24977640807628632
data/images/check_in/checkin_t1_domestic_v1.png,check_in,check_in,True,check_in,True,True,0.25513607263565063
data/images/check_in/checkin_t1_domestic_v2_angle.png,check_in,check_in,True,check_in,True,True,0.2753262221813202
data/images/check_in/checkin_t1_domestic_v3_dark.png,check_in,check_in,True,check_in,True,True,0.23144736886024475
data/images/check_in/checkin_t1_domestic_v4_blur.png,check_in,check_in,True,check_in,True,True,0.25054073333740234
data/images/baggage_claim/baggage_claim_t1_v1.png,baggage_claim,baggage_claim,True,baggage_claim,True,True,0.3024131655693054
data/images/baggage_claim/baggage_claim_t1_v2_angle.png,baggage_claim,baggage_claim,True,baggage_claim,True,True,0.3179871439933777
data/images/baggage_claim/baggage_claim_t1_v3_dark.png,baggage_claim,baggage_claim,True,baggage_claim,True,True,0.2829243540763855
data/images/baggage_claim/baggage_claim_t1_v4_blur.png,baggage_claim,baggage_claim,True,baggage_claim,True,True,0.3083078861236572
data/images/baggage_claim/baggage_claim_t2_v1.png,baggage_claim,baggage_claim,True,baggage_claim,True,True,0.3078872859477997
data/images/baggage_claim/baggage_claim_t2_v2_angle.png,baggage_claim,baggage_claim,True,baggage_claim,True,True,0.3156959116458893
data/images/baggage_claim/baggage_claim_t2_v3_dark.png,baggage_claim,baggage_claim,True,baggage_claim,True,True,0.2795562148094177
data/images/baggage_claim/baggage_claim_t2_v4_blur.png,baggage_claim,baggage_claim,True,baggage_claim,True,True,0.30145442485809326
data/images/security/security_t1_v1.png,security,security,True,security,True,True,0.27622106671333313
data/images/security/security_t1_v2_angle.png,security,security,True,security,True,True,0.2791344225406647
data/images/security/security_t1_v3_dark.png,security,security,True,security,True,True,0.2382000982761383
data/images/security/security_t1_v4_blur.png,security,security,True,security,True,True,0.29070204496383667
data/images/information_desk/information_desk_t1_v1.png,information_desk,information_desk,True,gate,False,True,0.2561365067958832
data/images/information_desk/information_desk_t1_v2_angle.png,information_desk,information_desk,True,gate,False,True,0.25566786527633667
data/images/information_desk/information_desk_t1_v3_dark.png,information_desk,information_desk,True,gate,False,False,0.23295152187347412
data/images/information_desk/information_desk_t1_v4_blur.png,information_desk,information_desk,True,gate,False,True,0.2453814148902893
data/images/information_desk/information_desk_t2_v1.png,information_desk,information_desk,True,gate,False,True,0.2635836899280548
data/images/information_desk/information_desk_t2_v2_angle.png,information_desk,information_desk,True,gate,False,False,0.2762121558189392
data/images/information_desk/information_desk_t2_v3_dark.png,information_desk,information_desk,True,gate,False,False,0.2384842187166214
data/images/information_desk/information_desk_t2_v4_blur.png,information_desk,information_desk,True,gate,False,False,0.242948517203331
data/images/lounge/lounge_t2_v1.png,lounge,lounge,True,lounge,True,True,0.27301663160324097
data/images/lounge/lounge_t2_v2_angle.png,lounge,lounge,True,lounge,True,True,0.29314136505126953
data/images/lounge/lounge_t2_v3_dark.png,lounge,lounge,True,lounge,True,True,0.26293668150901794
data/images/lounge/lounge_t2_v4_blur.png,lounge,lounge,True,lounge,True,True,0.29089292883872986
data/images/restaurant/restaurant_t2_v1.png,restaurant,restaurant,True,restaurant,True,True,0.25053727626800537
data/images/restaurant/restaurant_t2_v2_angle.png,restaurant,restaurant,True,restaurant,True,True,0.25344640016555786
data/images/restaurant/restaurant_t2_v3_dark.png,restaurant,restaurant,True,restaurant,True,True,0.23721987009048462
data/images/restaurant/restaurant_t2_v4_blur.png,restaurant,restaurant,True,restaurant,True,True,0.24930733442306519
data/images/restroom/restroom_b_v1.png,restroom,restroom,True,prayer_room,False,True,0.2587831914424896
data/images/restroom/restroom_b_v2_angle.png,restroom,restroom,True,prayer_room,False,True,0.26913967728614807
data/images/restroom/restroom_b_v3_dark.png,restroom,restroom,True,prayer_room,False,True,0.26170724630355835
data/images/restroom/restroom_b_v4_blur.png,restroom,restroom,True,prayer_room,False,True,0.26945510506629944
data/images/prayer_room/prayer_room_t1_v1.png,prayer_room,prayer_room,True,prayer_room,True,True,0.37776151299476624
data/images/prayer_room/prayer_room_t1_v2_angle.png,prayer_room,prayer_room,True,prayer_room,True,True,0.3748566806316376
data/images/prayer_room/prayer_room_t1_v3_dark.png,prayer_room,prayer_room,True,prayer_room,True,True,0.3662288188934326
data/images/prayer_room/prayer_room_t1_v4_blur.png,prayer_room,prayer_room,True,prayer_room,True,True,0.368686318397522
data/images/lost_and_found/lost_and_found_v1.png,lost_and_found,lost_and_found,True,lost_and_found,True,True,0.26797348260879517
data/images/lost_and_found/lost_and_found_v2_angle.png,lost_and_found,lost_and_found,True,lost_and_found,True,True,0.28043004870414734
data/images/lost_and_found/lost_and_found_v3_dark.png,lost_and_found,lost_and_found,True,lost_and_found,True,True,0.2646542191505432
data/images/lost_and_found/lost_and_found_v4_blur.png,lost_and_found,lost_and_found,True,lost_and_found,True,True,0.2564239501953125
data/images/customs/customs_t1_v1.png,customs,customs,True,baggage_claim,False,False,0.2510429620742798
data/images/customs/customs_t1_v2_angle.png,customs,customs,True,check_in,False,False,0.24766184389591217
data/images/customs/customs_t1_v3_dark.png,customs,customs,True,gate,False,False,0.21882617473602295
data/images/customs/customs_t1_v4_blur.png,customs,customs,True,gate,False,False,0.25490716099739075
data/images/currency_exchange/currency_exchange_t1_v1.png,currency_exchange,currency_exchange,True,currency_exchange,True,True,0.3309258222579956
data/images/currency_exchange/currency_exchange_t1_v2_angle.png,currency_exchange,currency_exchange,True,currency_exchange,True,True,0.3432199954986572
data/images/currency_exchange/currency_exchange_t1_v3_dark.png,currency_exchange,currency_exchange,True,currency_exchange,True,True,0.343180775642395
data/images/currency_exchange/currency_exchange_t1_v4_blur.png,currency_exchange,currency_exchange,True,currency_exchange,True,True,0.3221304416656494
data/images/special_assistance/special_assistance_t1_v1.png,special_assistance,special_assistance,True,special_assistance,True,True,0.3215318024158478
data/images/special_assistance/special_assistance_t1_v2_angle.png,special_assistance,special_assistance,True,special_assistance,True,True,0.3161945044994354
data/images/special_assistance/special_assistance_t1_v3_dark.png,special_assistance,special_assistance,True,special_assistance,True,True,0.2745343744754791
data/images/special_assistance/special_assistance_t1_v4_blur.png,special_assistance,special_assistance,True,special_assistance,True,True,0.343556672334671
data/images/transport/train_station_v1.png,transport,transport,True,transport,True,True,0.30706000328063965
data/images/transport/train_station_v2_angle.png,transport,transport,True,transport,True,True,0.3105596899986267
data/images/transport/train_station_v3_dark.png,transport,transport,True,transport,True,True,0.32141125202178955
data/images/transport/train_station_v4_blur.png,transport,transport,True,transport,True,True,0.30634239315986633
data/images/transport/taxi_pickup_v1.png,transport,gate,False,transport,True,True,0.3366392254829407
data/images/transport/taxi_pickup_v2_angle.png,transport,gate,False,transport,True,True,0.33259132504463196
data/images/transport/taxi_pickup_v3_dark.png,transport,gate,False,transport,True,True,0.3366009294986725
data/images/transport/taxi_pickup_v4_blur.png,transport,gate,False,transport,True,True,0.34579336643218994
data/images/pharmacy/pharmacy_t1_v1.png,pharmacy,pharmacy,True,gate,False,True,0.3040581941604614
data/images/pharmacy/pharmacy_t1_v2_angle.png,pharmacy,pharmacy,True,gate,False,True,0.2783520817756653
data/images/pharmacy/pharmacy_t1_v3_dark.png,pharmacy,pharmacy,True,pharmacy,True,True,0.2940186858177185
data/images/pharmacy/pharmacy_t1_v4_blur.png,pharmacy,pharmacy,True,gate,False,True,0.2999260127544403
data/images/smoking_area/smoking_area_t1_v1.png,smoking_area,smoking_area,True,smoking_area,True,True,0.273242324590683
data/images/smoking_area/smoking_area_t1_v2_angle.png,smoking_area,smoking_area,True,smoking_area,True,True,0.2747555673122406
data/images/smoking_area/smoking_area_t1_v3_dark.png,smoking_area,smoking_area,True,smoking_area,True,True,0.2311088740825653
data/images/smoking_area/smoking_area_t1_v4_blur.png,smoking_area,smoking_area,True,smoking_area,True,True,0.27247747778892517
